Index,DOI,Title,Abstract,Study Population
0,10.1186/s12890-023-02729-5,Association between chronic obstructive pulmonary disease and 28-day mortality in patients with sepsis: a retrospective study based on the MIMIC-III database,"Sepsis is a common cause of mortality in critically ill patients, and chronic obstructive pulmonary disease (COPD) is one of the most common comorbidities in septic patients. However, the impact of COPD on patients with sepsis remained unclear. Therefore, the purpose of this study aimed to assess the effect of COPD on the prognosis of septic patients based on Medical Information Mart for Intensive Care (MIMIC-III) database.","We focused on septic patients defined by sepsis-3 criteria; Briefly, patients with documented or suspected infection and an acute change in total SOFA score of ≥ 2 points were defined as sepsis. COPD was identified using ICD-9 codes (4660, 490, 4910, 4911, 49,120,49,121, 4918, 4919, 4920, 4928, 494, 4940, 4941, 496) "
1,10.3389/fnut.2022.834256,Geriatric Nutritional Risk Index is Associated with Hospital Death in Elderly Patients with Multiple Organ Dysfunction Syndrome: A Retrospective Study Based on the MIMIC-III Database,"Elderly patients with multiple organ dysfunction syndrome (MODS) have a higher mortality during hospitalization in the intensive care unit (ICU). Elderly patients often suffer from malnutrition. On the basis of the MIMIC-III database, this study analyzed the effect of the baseline nutritional status on the death of elderly patients with MODS during hospitalization.","The inclusion criteria are as follows: (1) age ≥ 65 years; (2) first admission to ICU (for elderly patients admitted to the ICU multiple times, only the first data are collected); (3) retention time in ICU ≥ 24 h; (4) sequential organ failure SOFA score ≥ 2 points and involvement of at least two organs; and (5) HR, RR, MAP, GCS, T, and SPO2 are measured at least once. The exclusion criteria are as follows: (1) loss of key data, such as the first SOFA and the first simplified acute physiology score I and (2) loss to follow-up."
2,10.3389/fphys.2023.1142329,Early human albumin administration is associated with reduced mortality in septic shock patients with acute respiratory distress syndrome: A retrospective study from the MIMIC-III database,Sepsis-induced acute respiratory distress syndrome (ARDS) was associated with higher mortality. It is unclear whether albumin supplementation early in the course of ARDS can affect the prognostic outcomes of septic shock (SS) patients with ARDS.,"The inclusion criteria were: (I) patients with the diagnosis of sepsis based on sepsis-3, which defined as patients with suspected or confirmed infection, together with an acute change in total SOFA scores ≥ 2. The method developed by Angus was used to diagnose sepsis, and the patients were identified according to the ICD-9 code in the MIMIC-III database; (II) patients with SS, which was defined as patients who were supported with vasopressor within 24 h after ICU admission; (III) patients with ARDS. In combination with the Berlin definition and the disease diagnosis, we selected the patient who has a PaO2/FiO2 ≤ 300 and used mechanical ventilation with a minimum requirement for PEEP ≥ 5 cmH2O on the first day of entering the ICU. The patients (I) who were under 18 years old, (II) complicated by a malignant tumor, rheumatism, or autoimmune disease, (III) who had a length of stay in the ICU less than 24 h; (IV) who were administered human albumin after 24 h in the ICU were excluded."
3,10.3389/fphar.2023.1118551,Association between glucocorticoid use and all-cause mortality in critically ill patients with heart failure: A cohort study based on the MIMIC-III database,The aim of this study was to determine the association between glucocorticoid use and all-cause mortality in critically ill patients with heart failure.,"Patients diagnosed with HF according to the disease codes of ICD-9 were included in the study. Exclusion criteria were as follows: 1) age < 18 years, 2) age > 90 years, and 3) not the first hospitalization."
4,10.1017/S0950268821002235,Long-term mortality predictors of ICU fungaemia,This study aimed to explore the mortality of fungaemia and the influencing factors associated with death,The inclusion criteria were:(1) patients who had positive fungal blood culture test and received antifungal therapy and (2)patients who were over 18 years old. The exclusion criteria were patients with incomplete data.
5,10.3389/fmed.2021.773339,Favorable Outcomes of Anticoagulation With Unfractioned Heparin in Sepsis-Induced Coagulopathy: A Retrospective Analysis of MIMIC-III Database,Anticoagulation in sepsis-associated disseminated intravascular coagulation (DIC) remains uncertain. The aim of this study was to investigate whether unfractioned heparin (UFH) could improve clinical outcomes in patients,"Patients were eligible if they (1) ≥18 years old; (2) Met the definition of Sepsis 3.0 criteria, which was defined as a suspected infection combined with an acute increase in SOFA score ≥2 (12). (3) SIC score ≥ 4 according to their worst daily SIC-related values during ICU stay. The exclusion criteria included, (1) Age < 18 years; (2) ICU stay < 48h; (3) Patients with various cancer types due to their abnormal coagulation function; (4) History of heparin-induced thrombocytopenia; (5) Impaired renal function with estimated glomerular filtration rate (eGFR) <30 ml/min; (6) Concomitant anticoagulant treatment of warfarin; (7) History of embolism and thrombosis; (8) Administration of Low Molecular Weight Heparin (LMWH) due to few cases; (9) Decompensated liver cirrhosis; (10) Missing data >10%."
6,10.1016/j.amjms.2022.01.004,"Mortality, disease progression, and disease burden of acute kidney injury in alcohol use disorder subpopulation",The aim of the study was to quantify the relationship between acute kidney injury (AKI) and alcohol use disorder (AUD).,"Encounters with no raw data, encounters with no age data, and pediatric encounters (age < 18) were excluded."
7,10.21037/atm-21-992,Minimum heart rate and mortality in critically ill myocardial infarction patients: an analysis of the MIMIC-III database,"Low minimum heart rate (MHR) is common in critically ill myocardial infarction (MI) patients. However, the association between MHR and the mortality of critically ill MI patients remains unclear.",We included ICU patients diagnosed with MI using ICD-9 diagnosis codes in this study.
8,10.1186/s12871-023-02047-7,"Association between different MAP levels and 30-day mortality in sepsis patients: a propensity-score-matched, retrospective cohort study","Sepsis is a life-threatening organ dysfunction caused by the infection-related host response disorder. Adequate mean arterial pressure is an important prerequisite of tissue and organ perfusion, which runs through the treatment of sepsis patients, and an appropriate mean arterial pressure titration in the early-stage correlates to the positive outcome of the treatment. Therefore, in the present study, we aimed to elucidate the relationship between early mean arterial pressure levels and short-term mortality in sepsis patients.",We included all suspected sepsis patients who met the diagnostic criteria of suspected infection with a SOFA score ≥ 2 according to the third international consensus definition of sepsis and septic shock (Sepsis-3.0). The patients who met the following criteria were excluded: ① patients who were not admitted to ICU for the first time; ② patients younger than 18 years old; ③ patients with MAP average less than 60 mmHg on the first day of ICU admission; ④ patients with inaccurate recorded time of death.
9,10.21037/jtd-20-2824,Overweight is associated with better one-year survival in elderly patients after cardiac surgery: a retrospective analysis of the MIMIC-III database,"The relationship of body mass index (BMI) to short- and long-term outcomes after cardiac surgery remains controversial, and the dose-response relationship between BMI and mortality in patients receiving cardiac surgery is unclear. Furthermore, the influence of age, concomitant disease, and types of surgery on the prognostic role of BMI has yet to be determined.",All patients receiving open-heart surgery under extracorporeal circulation (ICD-9 code: 3961) were initially screened. Patients older than 18 years old and with weight and height records were included in the study.
10,10.1371/journal.pone.0287485,Association between total bilirubin/Albumin ratio and all-cause mortality in acute kidney injury patients: A retrospective cohort study,The association between the total bilirubin/albumin (B/A) and the all-cause mortality of critically ill patients with acute kidney injury (AKI) remains unclear. This retrospective study aimed to investigate the relationship between B/A ratio and mortality in patients with AKI.,"The criteria for inclusion in the Acute Kidney Injury Network (AKIN) were as follows: sudden (within 48 h) decline in renal function as evidenced by an absolute increase in serum creatinine >= 0.3 mg/dl (>= 26.4 μmol/l), a percentage increase in serum creatinine >= 50% (1.5 times the baseline), or a decrease in urine output (< 0.5 ml/kg/h for more than 6 h). Adult patients (>=18 years) diagnosed with AKI in the MIMIC-III database with both serum bilirubin and albumin data on record were included in this study. Patients older than 18 years admitted for the first time were selected. The exclusion criteria were as follows: (1) patients not admitted for the first time; (2) ICU admission <48 h; (3) patients with missing total bilirubin and albumin data, and (4) pregnant women and oncology patients."
11,10.1186/s12882-022-02715-9,Central venous pressure and acute kidney injury in critically ill patients with multiple comorbidities: a large retrospective cohort study,"Given the traditional acceptance of higher central venous pressure (CVP) levels, clinicians ignore the incidence of acute kidney injury (AKI). The objective of this study was to assess whether elevated CVP is associated with increased AKI in critically ill patients with multiple comorbidities.","All patients in the database were screened according to the following inclusion criteria for this study: (1) adults (≥18 years of age at ICU admission); (2) ICU stay ≥1 day; and (3) for patients with multiple ICU stays, only the data for the first stay were considered. Patients with censored age, no CVP records, or no creatinine records were excluded."
12,10.1186/s40001-022-00925-3,Early predicting 30-day mortality in sepsis in MIMIC-III by an artificial neural networks model,Early identifying sepsis patients who had higher risk of poor prognosis was extremely important. The aim of this study was to develop an artificial neural networks (ANN) model for early predicting clinical outcomes in sepsis.,"All patients with sepsis (ICD9 code: 99,591) in MIMICIII were enrolled in this study. Exclusion criteria included as follows: patients with missing > 5% individual data and age less than 18."
13,10.21037/apm-22-502,Developing and validating a prediction model for in-hospital mortality in patients with ventilator-associated pneumonia in the ICU,"Ventilator-associated pneumonia (VAP) is a common nosocomial infection in the intensive care unit (ICU), with high in-hospital mortality. Current scoring systems are limited in predicting nosocomial death of VAP. This study aimed to develop and validate a more accurate and effective prediction model for in-hospital mortality in ICU patients with VAP.","Adult individuals diagnosed with VAP were selected from the MIMIC database. Individuals who were missing any information relating to laboratory data, clinical data, or disease severity data were excluded."
14,10.2147/TCRM.S268523,The Association of Red Blood Cell Distribution Width to Platelet Count Ratio and 28-Day Mortality of Patients with Sepsis: A Retrospective Cohort Study,Sepsis is a life-threatening and inflammatory disease with high morbidity and mortality. Red blood cell distribution width to platelet count ratio (RPR) was known as an inflammatory biomarker and was related to poor outcomes of various diseases.,"We conducted the retrospective cohort study on adult patients (age≥18 years) with the diagnosis of sepsis. Patients who were included had a length of stay in ICU of more than one day and less than that of the hospitalization. Sepsis was defined using the criteria of the Sepsis-3 which defines sepsis as infections with two or more points of SOFA scores.16 Patients were excluded when: (1) Repeated hospital admissions were recorded; (2) RPR could not be calculated. Also, we only calculated the RPR of the first ICU admission if the patient had several ICU admissions in one hospitalization."
15,10.1371/journal.pone.0262523,Predicting risk for trauma patients using static and dynamic information from the MIMIC III database,"Risk quantification algorithms in the ICU can provide (1) an early alert to the clinician that a patient is at extreme risk and (2) help manage limited resources efficiently or remotely. With electronic health records, large data sets allow the training of predictive models to quantify patient risk","We used an exclusion criterion consistent with the work of Alistair, where patients were excluded if they were neonatal or pediatric patients (age < 16), presented in the ICU for less than 4 hours, or had a do not resuscitate order. We also excluded patients with more than a single ICU stay per admission and filtered for patients who had external traumatic injury ICD-9 codes to ensure that we were gathering trauma patients;"
16,10.1002/jcla.24006,A trauma-related survival predictive model of acute respiratory distress syndrome,The purpose of this study was to construct and validate a simple model for the prediction of survival in patients with trauma-related ARDS.,"The inclusion criteria for this study were as follows: (1) age older than 18 years; (2) patients transferred to the ICU; (3) patients who underwent surgery or experienced trauma (ICD-9 code, 5185 [pulmonary insufficiency following trauma and surgery]); and (4) patients with ARDS that met the criteria in the Berlin definition for ARDS. The criteria for ARDS included acute onset, partial pressure of oxygen (PaO2)/fraction of inspired oxygen (FiO2) ≤300 mmHg, bilateral infiltrates on chest  radiograph, and absence of heart failure. Mild, moderate, and severe ARDS were classified based on the PaO2/FiO2 ratios of the patients. Pregnant women or perinatal patients transferred to the ICU due to trauma or surgery were excluded from this study. For patients with multiple ICU stays, only data related to the first ICU admission were considered."
17,10.3389/fcvm.2022.1024484,Postoperative anion gap associates with short- and long-term mortality after cardiac surgery: A large-scale cohort study,To investigate whether postoperative anion gap (AG) is associated with short- and long-term mortality in patients following cardiac surgery.,"According to the ICD-9-CM codes, patients who underwent on-pump cardiac surgery were included from all patients in the MIMIC-III database. We only used the data from patients’ first ICU admission. Patients who missed ICU data were excluded. Patients with age < 18, and those who missed AG data at ICU admission or length of ICU stay < 24 h were also excluded."
18,10.1136/bmjopen-2020-046623,"Association between body mass index and short-term mortality in patients with intra-abdominal infections: a retrospective, single-centre cohort study using the Medical Information Mart for Intensive Care database",This study aimed to determine the relationship between the body mass index (BMI) and short-term mortality of patients with intra-abdominal infection (IAI) using the Medical Information Mart for Intensive Care (MIMIC-III) database.,"There is no specific IAI diagnosis in ICD-9 coding; therefore, we included all the possible diagnoses related to IAIs in ICD- 9 into our study cohort. For patients who had multiple ICU admissions, only the first admission record was kept. The exclusion criteria were as follows: (1) those under 18 years old and (2) missing weight data."
19,10.1186/s12879-023-08142-x,Norepinephrine combined with phenylephrine versus norepinephrine in patients with septic shock: a retrospective cohort study,"Phenylephrine (PE) and norepinephrine (NE) may be used to maintain adequate blood pressure and tissue perfusion in patients with septic shock, but the effect of NE combined with PE (NE-PE) on mortality remains unclear. We hypothesized that NE-PE would not inferior to NE alone for all-cause hospital mortality in patients with septic shock.","The inclusion and exclusion criteria were as follows: diagnosed with the code of the ICD-9 (78,552); only first ICU admissions; only patients treated with NE or NE-PE; only lengths of stay (LOSs) in an ICU exceeding 24 h; and only adult patients."
20,10.1186/s12893-022-01625-9,Association between delta anion gap and hospital mortality for patients in cardiothoracic surgery recovery unit: a retrospective cohort study,High level of anion gap (AG) was associated with organic acidosis. This study aimed to explore the relationship between delta AG(ΔAG = AGmax - AGmin) during first 3 days after intensive care unit (ICU) admission and hospital mortality for patients admitted in the cardiothoracic surgery recovery unit (CSRU).,The selection criteria were as follows: (1) Adults patients (age ≥ 18 years); (2) patients admitted in CSRU; (3) Only first ICU admission was eligible; (4) ICU LOS > 1. The exclusion criteria were: (1) without AG data in ICU admission; (2) individual data missing > 5%; (3) patients who died during ICU stay.
21,10.3389/fmed.2021.662340,Machine Learning Prediction Models for Mechanically Ventilated Patients: Analyses of the MIMIC-III Database,"Mechanically ventilated patients in the intensive care unit (ICU) have high mortality rates. There are multiple prediction scores, such as the Simplified Acute Physiology Score II (SAPS II), Oxford Acute Severity of Illness Score (OASIS), and SOFA, widely used in the general ICU population. We aimed to establish prediction scores on mechanically ventilated patients with the combination of these disease severity ",Adult ICU patients treated with invasive mechanical ventilation during ICU stay were included. Subjects aged younger than 18 years or older than 90 years or who lack information on the outcome measure were excluded.
22,10.1186/s12911-021-01690-9,Understanding the complexity of sepsis mortality prediction via rule discovery and analysis: a pilot study,"Sepsis, defined as life-threatening organ dysfunction caused by a dysregulated host response to infection, has become one of the major causes of death in Intensive Care Units (ICUs). The heterogeneity and complexity of this syndrome lead to the absence of golden standards for its diagnosis, treatment, and prognosis. The early prediction of in-hospital mortality for sepsis patients is not only meaningful to medical decision making, but more importantly, relates to the well-being of patients.","The patient inclusion criteria of our cohort are: (i) age ≥ 16 ; (ii) only has one hospital admission record and one ICU admission record; (iii) with ICD-9 code of 99591 for sepsis, 99592 for severe sepsis, or 78552 for septic shock"
23,10.1177/10760296221121286,Association of Red Blood Cell Distribution Width-Albumin Ratio for Acute Myocardial Infarction Patients with Mortality: A Retrospective Cohort Study,Red blood cell distribution width (RDW) was a risk factor for poor prognosis in acute myocardial infarction (AMI). Recent reports suggested that combining RDW with other laboratory metrics could provide a better prediction. This retrospective study aimed to investigate whether the RDW-albumin ratio (RAR) may be associated with mortality after an AMI.,"We enrolled adult patients (over 16 years old) with AMI. According to the ICD-9 code, AMI was defined from 410.00 to 410.92. For patients with multiple hospitalizations, only data of initial admission were used."
24,10.3389/fendo.2022.892811,Association Between Iron Metabolism and Acute Kidney Injury in Critically Ill Patients With Diabetes,Iron overload plays an important role in the pathogenesis of diabetes and acute kidney injury (AKI). The aim of this present study was to explore the relationship between iron metabolism and AKI in patients with diabetes.,"The inclusion criteria were as follows: (1) patients diagnosed with diabetes, (2) serum creatinine (Scr) levels were measured at least twice within 7 days, and (3) follow-up for at least 6 months after the diagnosis of AKI. The exclusion criteria were as follows: (1) age <18 years old, (2) stage 5 CKD or regular RRT, and (3) patients with missing important baseline clinical data."
25,10.1002/ehf2.12939,Association between base excess and mortality in patients with congestive heart failure,"The relationship between baseline base excess (BE) and survival outcomes in patients with congestive heart failure (CHF) is unclear. Therefore, we aimed to investigate this relationship based on the Multiparameter Intelligent Monitoring in Intensive Care III (MIMIC-III) database (v1.4).","We included adult patients (≥18 years) with CHF at first ICU admission from the database on the basis of the ICD-9 disease code [4280–4289 and 39891: 4280 = CHF, unspecified; 4281 = left heart failure; 4282 = systolic heart failure; 4283 = diastolic heart failure; 4284 = combined systolic and diastolic heart failure; 4289 = heart failure, unspecified; 39891 = rheumatic heart failure (congestive)]. The exclusion criteria were as follows: (i) non-adult patients; (ii) absence of CHF; and (iii) missing baseline BE value at ICU admission."
26,10.2147/COPD.S244020,Association Between Comorbid Chronic Obstructive Pulmonary Disease and Prognosis of Patients Admitted to the Intensive Care Unit for Non-COPD Reasons: A Retrospective Cohort Study,"Chronic obstructive pulmonary disease (COPD) is a rather common comorbid condition among patients admitted to the intensive care unit (ICU), while evidence of how this comorbidity affects prognosis is limited. This study aimed to investigate the associations between COPD comorbidity and prognoses of patients who were admitted to the ICU for non-COPD reasons, and to examine whether the associations varied between different types of ICU.","All the adult (≥18 years) patients were considered to be enrolled as study participants, but only those of the first ICU admission in the first hospitalization were chosen if they had more than one admission record in the database. We excluded patients whose lengths of first ICU stay were less than 24 hours and whose primary diagnosis were COPD. To avoid potential typos in the original data, we excluded patients whose lengths of hospital stay were shorter than the lengths of ICU stay. "
27,10.1186/s12879-023-08054-w,Influence of systolic blood pressure trajectory on in-hospital mortality in patients with sepsis,"Numerous studies have investigated the mean arterial pressure in patients with sepsis, and many meaningful results have been obtained. However, few studies have measured the systolic blood pressure (SBP) multiple times and established trajectory models for patients with sepsis with different SBP trajectories.","The diagnosis of sepsis was according to sepsis-3. The exclusion criteria were (1) age < 18 years, (2) blood pressure not measured ten times after admission, or (3) a single hospital stay lasting longer than 90 days."
28,10.3389/fcvm.2022.871031,Systemic Inflammation Response Index Is a Promising Prognostic Marker in Elderly Patients With Heart Failure: A Retrospective Cohort Study,"Heart failure (HF) is a clinical syndrome caused by ventricular dysfunction, which leads to the decline of activity tolerance and repeated hospitalization, which seriously affects the quality of life and is the main cause of death of the elderly. It has long been observed that the pathophysiological mechanism of HF is associated with systemic inflammation. This study aims to explore the association between the systemic inflammation response index (SIRI), a novel biomarker of inflammation, and outcomes in elderly patients with HF.","HF patients were identified by the ICD-9 code. We only included data for patients aged ≥ 60 years in the first ICU or hospital admission. The exclusion criteria were: (1) length of ICU or hospital stay was <24 h, or (2) missing key data."
29,10.2196/23401,A Machine Learning-Based Algorithm for the Prediction of Intensive Care Unit Delirium (PRIDE): Retrospective Study,This study aims to develop and validate a delirium prediction model within 24 hours of admission to the ICU using electronic health record data. The algorithm was named the Prediction of ICU Delirium (PRIDE).,We only included patients who were 18 years or older at the time of admission and who stayed in the medical or surgical ICU. Patients were excluded if they lacked a Confusion Assessment Method for the ICU (CAM-ICU) record from the day of ICU admission or if they had a positive CAM-ICU record at the time of ICU admission.
30,10.2147/COPD.S289920,Association Between Blood Eosinophils and Mortality in Critically Ill Patients with Acute Exacerbation of Chronic Obstructive Pulmonary Disease: A Retrospective Cohort Study,To explore the relationship between the blood eosinophil concentrations in the early stage and mortality in critically ill patients with acute exacerbation of chronic obstructive pulmonary disease.,"The information of all patients with AECOPD was extracted from the MIMIC-III database. AECOPD was defined as an acute worsening of respiratory symptoms that results in additional therapy.14 The patients who lacked basic information and the data of blood eosinophil concentrations were excluded. Because the aim of this study was to explore the relationship between the value of blood eosinophil concentrations in the early stage of acute exacerbation, only the patients with measurement time between 24 hours before admission and 24 hours after admission were included."
31,10.1016/S2589-7500(21)00022-4,Performance of intensive care unit severity scoring systems across different ethnicities in the USA: a retrospective observational study,"Despite wide use of severity scoring systems for case-mix determination and benchmarking in the intensive care unit (ICU), the possibility of scoring bias across ethnicities has not been examined. Guidelines on the use of illness severity scores to inform triage decisions for allocation of scarce resources, such as mechanical ventilation, during the current COVID-19 pandemic warrant examination for possible bias in these models. We investigated the performance of the severity scoring systems Acute Physiology and Chronic Health Evaluation IVa (APACHE IVa), Oxford Acute Severity of Illness Score (OASIS), and SOFA across four ethnicities in two large ICU databases to identify possible ethnicity-based bias.","The ethnicities included in the analyses were Black, Asian, Hispanic, and White. Native American people were excluded due to the much smaller sample size compared with the other ethnicities. Patient episodes with a nonspecific or unknown ethnicity category were excluded. Patients with missing survival data, erroneous or missing prediction scores, missing ethnicity data, and those younger than 16 years or older than 90 years were excluded from the analyses"
32,10.3389/fsurg.2022.801708,Blood Urea Nitrogen-to-Albumin Ratio in Predicting Long-Term Mortality in Patients Following Coronary Artery Bypass Grafting: An Analysis of the MIMIC-III Database,This study examined the role of blood urea nitrogen-to-albumin ratio (BAR) in predicting long-term mortality in patients undergoing coronary artery bypass grafting (CABG).,Patients from MIMIC-III database were included who underwent CABG according to ICD-9 code. The exclusion criteria were as follows: (1) patients with more than one ICU admissions; (2) either BUN or albumin values were absent at admission; (3) patients in the metavision system.
33,10.1038/s41598-023-41965-x,Development of a nomogram model for the early prediction of sepsis-associated acute kidney injury in critically ill patients,"Sepsis?associated acute kidney injury is a common complication of sepsis, but it is difficult to predict sepsis?associated acute kidney injury.","The research subjects met the following criteria: (1) all the research objects met the diagnostic criteria of sepsis 3.028, sepsis was defined as life-threatening organ dysfunction caused by a dysregulated host response to infection, and organ dysfunction was represented by an increase in the SOFA score of 2 points or more; (2) the included patients were at least 18 years old; (3) the length of ICU stay of the included patients was longer than 24 h. Research subjects were excluded based on the following criteria: (1) patients had a history of chronic renal disease or renal dysfunction before the onset of sepsis that had happened this time in our study; (2) patients who did not meet the diagnostic criteria for sepsis 3.0; (3) the patients were under 18 years of age; (4) patients with a length of ICU stay less than 24 h."
34,10.1155/2021/6612276,Admission Serum Ionized and Total Calcium as New Predictors of Mortality in Patients with Cardiogenic Shock,"Although serum calcium has been proven to be a predictor of mortality in a wide range of diseases, its prognostic value in critically ill patients with cardiogenic shock (CS) remains unknown. This retrospective observational study is aimed at investigating the association of admission calcium with mortality among CS patients.","We included all ICU patients (aged ≥ 18 years) with the primary diagnosis of CS using ICD-9 diagnosis codes (ICD-9 codes: 785.51) in the MIMIC-III database. Only the data of each patient’s first ICU admission were used in this study. Patients were excluded if they had (1) a secondary diagnosis of hepatic dysfunction, renal failure, acute or chronic pancreatitis, parathyroid diseases, or malignancy on admission; (2) a length of stay in the ICU less than 24 hours; (3) incomplete or unobtainable data of serum iCa and tCa measured during the first 24 hours admission; (4) incomplete follow-up information; or (5) more than 10% of individual data missing."
35,10.2147/IJGM.S349722,Predictive Value of Blood Urea Nitrogen to Albumin Ratio in Long-Term Mortality in Intensive Care Unit Patients with Acute Myocardial Infarction: A Propensity Score Matching Analysis,"Blood urea nitrogen to albumin ratio (BAR) has been implicated in predicting outcomes of various inflammatory-related diseases. However, the predictive value of BAR in long-term mortality in patients with acute myocardial infarction (AMI) has not yet been evaluated.","According to the ICD-9 diagnosis codes (410.00–410.92), all intensive care unit (ICU) patients in the database diagnosed with AMI were included. And patients were excluded according to: (1) patients with repeated ICU admissions; (2) either BUN or albumin values missing at admission; (3) less than 24 hours of ICU stay; (4) patients in the metavision system."
36,10.1155/2021/5595042,Prognostic Value of Blood Urea Nitrogen/Creatinine Ratio for Septic Shock: An Analysis of the MIMIC-III Clinical Database,"Research has previously been done into the risk factors for mortality in septic shock patients. However, there has been no epidemiological study investigating the effect of the blood urea nitrogen/creatinine ratio (BCR) on the prognosis of critically ill septic shock patients. This study is aimed at determining the relationship between BCR and all-cause mortality in adult septic shock patients.","Inclusion criteria included (1) patients over 18 years old, (2) patients diagnosed with septic shock according to the ICD-9 which is 785.52, and (3) patients who were hospitalized for the first time in the ICU for more than 2 days. Exclusion criteria included (1) BUN and Cr levels not measured during ICU hospitalization and (2) an individual data loss exceeding 5%. (More than 5% of the patient’s clinical research information is missing.)"
37,10.1186/s12872-021-02275-0,Admission white blood cell count predicts post-discharge mortality in patients with acute aortic dissection: data from the MIMIC-III database,Inflammation underlies both the pathogenesis and prognosis in patients with acute aortic dissection (AAD). This study aimed to assess the association of ICU admission of white blood cell count (WBCc) with post-discharge mortality in these patients.,"We included patients with AAD including both Stanford type A and type B based on the ICD-9 code in MIMIC-III database. Of these patients, we excluded those including: (1) For the adult study and avoiding more confounding factors, patients aged < 18 years or > 80 years were excluded; (2) patients who had a clear etiology, such as Marfan syndrome, iatrogenic aortic dissection (AD) secondary to cardiac surgery, a history of surgery for AD, or chronic AD; (3) no WBCc data; (4) missing individual data including demographics, laboratory tests, comorbidities, etc. more than 5%."
38,10.2147/IJGM.S330752,Association Between Obstructive Sleep Apnea and Reduced Mortality in Critically Ill Patients: A Propensity Score-Based Analysis,"The impact of obstructive sleep apnea (OSA) on the prognosis of intensive care unit (ICU) patients remains controversial. Thus, this study aimed to determine the association between OSA status and outcomes in ICU patients.","Adult patients (aged 18 years or above) were included in this study. Critically ill patients diagnosed with OSA were extracted from the Medical Information Mart for MIMIC-III database using the ICD-9 codes (code = “32,723”). For patients who were admitted to the ICU more than once, only data related to the first ICU admission was considered."
39,10.3389/fmed.2020.609769,Development and Validation of a Sepsis Mortality Risk Score for Sepsis-3 Patients in Intensive Care Unit,"Many severity scores are widely used for clinical outcome prediction for critically ill patients in the intensive care unit (ICU). However, for patients identified by sepsis-3 criteria, none of these have been developed. This study aimed to develop and validate a risk stratification score for mortality prediction in sepsis-3 patients.","We included adult patients admitted to the ICU with sepsis. Sepsis was identified based on sepsis-3 criteria, which included suspected infection and a SOFA score ≥ 2 (1). We excluded the following patients: (1) non-adults (<16 years old), (2) multiple admissions, (3) receiving cardiothoracic surgical service (their postoperative physiologic derangements or not translating to the same mortality risk as others), (4) with metastatic cancer (inflammatory and immune response different from others); (5) with suspected infection more than 24 h before or after ICU admission (patients admitted to ICU with sepsis), and (6) missing important data (demographics, variables for calculating traditional severity scores)."
40,10.3389/fmed.2023.1047933,Association and prediction of red blood cell distribution width to albumin ratio in all-cause mortality of acute kidney injury in critically ill patients,"The progression of acute kidney injury (AKI) might be associated with systemic inflammation. Our study aims to explore the association and predictive value of the red blood cell distribution width (RDW) to human serum albumin (ALB) ratio (RDW/ALB ratio), an inflammation-related indicator, in the risk of all-cause mortality and renal replacement therapy (RRT) in AKI patients admitted in intensive care units (ICU).","Participants who were aged ≥18 years, met the diagnosis of AKI, and were hospitalized in the ICU within 48 h of first admission (considering one of the AKI definitions was evaluated within 48 h) were included in this study. Participants missing data on ALB and RDW were excluded from this study. The participants were followed up until death after ICU admission. AKI was defined as an increase of serum creatinine (SCr) level by ≥ 0.3 mg/dl (≥ 26.5 μmol/l) within 48 h or an increase of SCr to ≥ 1.5 times the baseline, which was known or presumed to have occurred within the prior 7 days, or urine volume < 0.5 ml/kg/h for 6 h based on the Kidney Disease: Improving Global Outcomes (KDIGO)."
41,10.1111/cts.13445,Relationship between blood glucose levels and length of hospital stay in patients with acute pancreatitis: An analysis of MIMIC-III database,We aimed to investigate the effect of blood glucose levels on length of stay (LOS) in patients hospitalized with acute pancreatitis (AP).,"Patients age ≥ 18 years and diagnosed with AP were retrieved based on the ICD-9, code 5770. We used the following exclusion criteria: (1) patients who lacked serum glucose information with 24 h of admission, and (2) patients who had been hospitalized for less than 24 h."
42,10.1002/jcla.24423,Red blood cell distribution width-to-albumin ratio is associated with all-cause mortality in cancer patients,"Cancer causes a serious health burden on patients worldwide. Chronic low-level inflammation plays a key role in tumorigenesis and prognosis. However, the role of the red blood cell distribution width (RDW)-to-albumin (RA) ratio in cancer mortality remains unclear.","Patients were included in the study if they: (1) were diagnosed with cancer based on the ICD-9; (2) were aged ≥16 years; and (3) only had one ICU admission  during the study period. Conversely, subjects who had more than 10% of the data missing and those with a length of hospital stay <24 h were excluded from the study."
43,10.1097/CCE.0000000000000960,Negativity and Positivity in the ICU: Exploratory Development of Automated Sentiment Capture in the Electronic Health Record,To develop proof-of-concept algorithms using alternative approaches to capture provider sentiment in ICU notes.,"We included patients greater than or equal to 18 years with greater than or equal to one ICU note from prespecified categories: physician, general, consult, nursing, respiratory, rehabilitation, and nutrition."
44,10.1007/s10157-023-02383-5,Development and validation of a nomogram to predict the risk of renal replacement therapy among acute kidney injury patients in intensive care unit,There are no universally accepted indications to initiate renal replacement therapy (RRT) among patients with acute kidney injury (AKI). This study aimed to develop a nomogram to predict the risk of RRT among AKI patients in intensive care unit (ICU).,"Patients meeting criteria for Kidney Disease: Improving Global Outcomes (KDIGO) serum creatinine (sCr) definition were enrolled for this study [10]: an increase in sCr of 26.5 μmol/L within 48 h or an elevation at least 1.5 times the baseline value within 7 days [10]. The baseline sCr level was defined as the minimum sCr measured during the 7 days before ICU admission. When the pre-admission sCr was missing, the first sCr after ICU admission was regarded as the baseline sCr. For patients with multiple hospitalizations, we only used their first hospitalization. The exclusion criteria included: (i) patients with a diagnosis of end-stage renal disease (ESRD) based on ICD-9-CM code 585; (ii) patients already with RRT at ICU admission; (iii) age < 18 or individual missing data > 10%."
45,10.1097/MD.0000000000031415,Relationship between mean corpuscular volume and 30-day mortality in patients with intracerebral hemorrhage: Evidence from the MIMIC-III database,"Previous studies have shown that mean corpuscular volume (MCV) levels are associated with the prognosis of patients with cardiovascular disease. However, the relationship between MCV levels and mortality in patients with intracerebral hemorrhage (ICH) remains unclear.","The diagnosis of patients with ICH was confirmed according to the ICD-9-CM code 431. For patients who were admitted to the ICU more than one time, only the first admission to the ICU was included in the analysis. Patients younger than 16 years with a length of stay in the ICU of <24 hours were excluded. In addition, patients without MCV data from 6 hours before admission to the ICU until 24 hours after admission to the ICU were also excluded."
46,10.21037/atm-20-4519,The value of lactate/albumin ratio for predicting the clinical outcomes of critically ill patients with heart failure,"Previous studies have shown that the lactate/albumin (L/A) ratio plays a role in predicting the outcomes of septic shock or severe sepsis. However, the role of the L/A ratio in predicting the outcomes of critically ill patients with heart failure remains unclear. We therefore performed a retrospective study to clarify this issue.",We included critically ill adult patients with heart failure (≥18 years) at first ICU admission from the database. The exclusion criteria were as follows: (I) non-adult patients and (II) missing lactate and albumin values at ICU admission.
47,10.1371/journal.pone.0250320,Association of prescription opioid use on mortality and hospital length of stay in the intensive care unit,"Several studies show that chronic opioid dependence leads to higher in-hospital mortality, increased risk of hospital readmissions, and worse outcomes in trauma cases. However, the association of outpatient prescription opioid use on morbidity and mortality has not been adequately evaluated in a critical care setting. The purpose of this study was to determine if there is an association between chronic opioid use and mortality after an ICU admission.","Patients age 18 years and older were included in the study, and we defined chronic opioid use by the presence of an outpatient opioid prescription on admission to the ICU. Exclusion criteria included patients who expired during their hospital stay or presented with overdose; as well patients with cancer, anoxic brain injury, non-prescription opioid use, or if an accurate medication reconciliation was unable to be obtained."
48,10.1186/s12883-023-03219-1,Association between red cell distribution width-to-platelet ratio and short-term and long-term mortality risk in patients with acute ischemic stroke,The objective of this study was to evaluate the association between red cell distribution width/platelet ratio (RPR) and 30-day and 1-year mortality in acute ischemic stroke (AIS).,"The included criteria were (1) diagnosed as AIS at ICU admission, with admission diagnoses classified as ICD-9 code: 43,301, 43,311, 43,321, 43,331, 43,381, 43,391, 43,401, 43,411, 43,491. Excluded criteria were (1) aged < 18 years old; (2) hospitalized in the ICU for less than 24 h and (3) missing key data, such as red cell distribution width (RDW),and platelet. "
49,10.3389/fmed.2021.636869,The Association Between the Baseline and the Change in Neutrophil-to-Lymphocyte Ratio and Short-Term Mortality in Patients With Acute Respiratory Distress Syndrome,"Two previous studies have shown that increased neutrophil to lymphocyte ratio (NLR) is associated with short-term prognosis in patients with acute respiratory distress syndrome (ARDS), but it is usually assessed as a single threshold value at baseline. We investigated the relationship between the baseline and the early change in NLR and 30-day mortality in patients with ARDS to evaluate the prognostic value of NLR baseline and NLR changes during the ","Our inclusion criteria were as follows: at least 16 years, ICU stay more than 72 h, ARDS diagnosis meeting Berlin standard at the time of ICU admission, had lymphocyte and neutrophil count within 24 h after ICU admission. We excluded patients with chronic hematologic disorders, lacked the baseline of lymphocyte and neutrophil records. If a patient was admitted repeatedly during the study period, we used only the record of his first ICU admission."
50,10.1371/journal.pone.0234521,The weekend effect for stroke patients admitted to intensive care: A retrospective cohort analysis,"To examine the effect of weekend admission on short and long-term morbidity and mortality, for patients admitted to intensive care after suffering a cerebrovascular accident (stroke).","The data in this study was limited to patients aged 16–89 years of age.Stroke was defined using ICD-9 codes recorded in the MIMIC III database. We defined stroke with ICU admission diagnosis classified as ICD-9 code 430 (subarachnoid haemorrhage), 431 (intracerebral haemorrhage), 432 (other and unspecified intracranial haemorrhage), 433 (occlusion and stenosis of precerebral arteries), or 434 (occlusion of cerebral arteries) [21]. Stroke was further subclassified into either haemorrhagic (ICD 430, 432, 432) or ischemic (ICD 433, 434) stroke. Weekend ICU admission was defined as any admission during the 48-hour period between midnight at the beginning of Saturday, and midnight at the end of Sunday.Only the first index admission to ICU for each patient was included in the analysis."
51,10.2147/IJGM.S315306,Association of Timing of Biliary Drainage with Clinical Outcomes in Severe Acute Cholangitis: A Retrospective Cohort Study,"The guidelines recommend urgent biliary drainage (BD) for severe acute cholangitis, without a clear definition of ""urgent"". To explore the optimal time, we identified the impact of timing of BD on clinical outcomes in severe acute cholangitis.","Adult patients (>18 years old) in their first ICU stay with ICD-9 diagnosis code of 57,451, 57,491, 5762 or 5761 were eligible for inclusion. According to the diagnoses criteria and severity criteria of Tokyo Guidelines 2018 (TG18) within the first 24 hours after admission, patients with severe acute cholangitis were selected. Then we excluded patients without biliary drainage or with missing data of BD timing."
52,10.1536/ihj.20-825,Inhaled Beta2-Agonists Increase In-Hospital Mortality in ICU Patients with Heart Failure,The impact of beta2-agonists (B2As) on heart failure (HF) remains controversial. This study aimed to investigate whether inhaled B2As increased in-hospital mortality in ICU patients with HF.,"We restricted the initial search to patients whose diagnosis included HF using ICD-9 code (code = 428.22, 428.23, 428.32, 428.33, 428.42, or 428.43). The exclusion criteria were as follows: (1) patients < 18 years old and (2) patients using other drugs activating adrenergic receptors, such as epinephrine, norepinephrine, phenylephrine, isoprenaline, dopamine, or dobutamine."
53,10.1002/jcla.24553,The association between Monocyte-to-Lymphocyte ratio and postoperative delirium in ICU patients in cardiac surgery,To analyze the relationship between monocyte-to-lymphocyte ratio (MLR) and postoperative delirium (POD).,"The subjects included in this study had to meet the following criteria: (1) The current procedural terminology (CPT) was utilized to identify patients undergoing cardiac surgery: Ideally, the CPT number ought to fall between 33,010 and 37,799, and (2) age ≥16 years. Exclusion  criteria of this study were as follows: (1) younger than 16 years of  age; (2) monocytes and lymphocyte count data were lost on the first day of admission to ICU; (3) data were missing by more than 20%; (4) intubated patients; and (5) patients had a hematologic neoplasm diagnosis."
54,10.1093/inthealth/ihab012,A nomogram to predict in-hospital mortality of neonates admitted to the intensive care unit,To explore the influencing factors for in-hospital mortality in the neonatal intensive care unit (NICU) and to establish a predictive nomogram.,"Neonates with a gestational age of 23–31 weeks were included in our study, while those with missing data, including birthweight, vital signs and laboratory measurements, were excluded."
55,10.1186/s13052-021-00994-w,Diagnostic accuracy of a dynamically increased red blood cell distribution width in very low birth weight infants with serious bacterial infection,Serious bacterial infection (SBI) remains an important cause of morbidity and mortality in preterm infants. The objective of this study was to evaluate the dynamically increased value of the red cell distribution width (RDW) in the diagnosis of SBI.,"Newborns who were admitted to the neonatal intensive care unit (NICU) within 24 h after birth were eligible for inclusion in the study. The criteria for exclusion were: (a) birth weight ≥ 1500 g; (b) only one RDW value; (c) congenital disease; (d) multiple gestation; (e) missing gestational age or birth weight or laboratory parameters [including white blood cell (WBC), hemoglobin (Hb), platelet count (PLT)]; (f) red blood cells transfusion."
56,10.1016/j.jcrc.2020.07.019,Supervised machine learning for the early prediction of acute respiratory distress syndrome (ARDS),Acute respiratory distress syndrome (ARDS) is a serious respiratory condition with high mortality and associated morbidity. The objective of this study is to develop and evaluate a novel application of gradient boosted tree models trained on patient health record data for the early prediction of ARDS.,"Only patients with age data available and at least 18 years of age were included. Patient stays that did not have at least one observation of each required measurement type were excluded. Finally, we included only patient stays that had durations within a specified window."
57,10.1186/s12873-022-00589-6,The association between continuous renal replacement therapy as treatment for sepsis-associated acute kidney injury and trend of lactate trajectory as risk factor of 28-day mortality in intensive care units,"Sepsis has high incidence and fatality rates in intensive care units, often leading to renal failure. The effectiveness of continuous renal replacement therapy (CRRT) in sepsis-associated acute kidney injury (S-AKI) patients is currently uncertain.","This study selected S-AKI patients from the MIMIC-III database. The inclusion criteria included meeting Sepsis-3 criteria, since they have severe infection and organ failure (SOFA score ≥ 2); AKI that occurred during hospitalization (increase in SCr by 0.3 mg/dl [6.5 ?mol/l]) within 48 h; a 1.5-times increase in SCr from baseline, which is known or presumed to have occurred within the previous 7 days; urine volume < 0.5 ml/kg/hour for 6 hours. Patients younger than 18 years and without longitudinal records of lactate levels within 28 days were excluded."
58,10.3389/fdgth.2023.1085602,Identifying encephalopathy in patients admitted to an intensive care unit: Going beyond structured information using natural language processing,"Encephalopathy is a severe co-morbid condition in critically ill patients that includes different clinical constellation of neurological symptoms. However, even for the most recognised form, delirium, this medical condition is rarely recorded in structured fields of electronic health records precluding large and unbiased retrospective studies. We aimed to identify patients with encephalopathy using a machine learning-based approach over clinical notes in electronic health records.",All patients with at least 1 clinical note in the “noteevents” table without exclusion criteria.
59,10.1186/s12871-023-02074-4,Association of estimated glomerular filtration rate and all-cause mortality in acute pancreatitis: a retrospective analysis,Our primary objective was to explore the association between estimated glomerular filtration rate (eGFR) and all-cause mortality in acute pancreatitis (AP) admission to intensive care units.,"Patients with AP were retrieved according to the ICD-9 code for the diagnosis of AP (5770). Only patients at the first admission to the ICU and those aged ≥ 18 years were included. ICU length of stay < 24 h or length of hospital stay > 90 days; no ICU information; incomplete (> 10% of values missing), incorrect, or uninterpretable data; patients lacking serum creatinine; and those with metastatic tumors, solid tumors, lymphoma, or acquired immunodeficiency syndrome were excluded."
60,10.1186/s40560-020-00459-y,Development of a nomogram to predict 30-day mortality of patients with sepsis-associated encephalopathy: a retrospective cohort study,Sepsis-associated encephalopathy (SAE) is related to increased short-term mortality in patients with sepsis. We aim to establish a user-friendly nomogram for individual prediction of 30-day risk of mortality in patients with SAE.,"We included adult patients (> 17 years of age) with a diagnosis of sepsis according to the Sepsis-3: (1) Patients with infection confirmed by the positive results of microbial cultivation and (2) the SOFA) score ≥ 2. Excluded were patients (1) with primary brain injury (traumatic brain injury, ischemic stroke, hemorrhagic stroke, epilepsy, or intracranial infection); (2) with pre-existing liver or kidney failure affecting consciousness; (3) with severe burn and trauma; (4) receiving cardiac resuscitation recently; (5) with chronic alcohol or drug abuse; (6 )with severe electrolyte imbalances or blood glucose disturbances, including hyponatremia (< 120 mmol/l), hyperglycemia (> 180 mg/dl), or hypoglycemia (< 54 mg/dl); (7) dying or leaving within 24 h since ICU admission; and (8) without an evaluation of GCS."
61,10.1177/2045894020970363,Fluctuations of driving pressure during mechanical ventilation indicates elevated central venous pressure and poor outcomes,Inappropriate mechanical ventilation may induce hemodynamic alterations through cardiopulmonary interactions. The aim of this study was to explore the relationship between airway pressure and central venous pressure during the first 72 h of mechanical ventilation and its relevance to patient outcomes.,"The inclusion criteria in this study were as follows: (1) hypoxia with an oxygen index (PaO2/fraction of inspired oxygen (FiO2)) <300mmHg at the time of ICU admission; (2) received invasive volume-controlled or pressure-controlled mechanical ventilation for ≥72h; (3) with complete medical records including available CVP measurements and other hemodynamic records during the first 72?h; (4) adequate sedation and analgesia with the level of sedation assessed with the Ramsay Sedation Scale (Score 6) or Riker SAS Scale (Score 1) or Richmond Agitation-Sedation Scale (Score ?5). For patients with multiple ICU stays, only data related to the first ICU admission were considered. The patients who were younger than 18 years old were excluded, measurements of plateau pressure (Pplat) <5 was excluded to avoid the risk that small numbers of record may not truly represent patients’ physiological status"
62,10.1002/jcla.24053,Predictive value of red blood cell distribution width in septic shock patients with thrombocytopenia: A retrospective study using machine learning,Sepsis-associated thrombocytopenia (SAT) is common in critical patients and results in the elevation of mortality. Red cell distribution width (RDW) can reflect body response to inflammation and oxidative stress. We try to investigate the relationship between the RDW and the prognosis of patients with SAT through machine learning.,"Patients hospitalized in SICU and MICU firstly diagnosed  with sepsis, severe sepsis, and septic shock were selected according to ICD code (ICD code: 99591, 99592, and 78552), and septic  patients  without  shock  were  excluded.  Considering  other  factors  that might affect our result, we had determined the following exclusion criteria: 1) hematological malignancies, for example, leukemia, lymphoma, myeloma, etc; 2) immune system diseases, such as,  immune  thrombocytopenic  purpura  (ITP),  thrombotic  thrombocytopenic purpura (TTP), systemic lupus erythematosus (SLE), etc; 3)  patients with malignant tumors; 4). pregnant or breastfeeding; and  5) younger than 18 years old or older than 80."
63,10.1038/s41598-019-49006-2,Critical Transitions in Intensive Care Units: A Sepsis Case Study,"In this paper, we propose a computational method based on surprise loss (SL) to discover data-driven indicators of such transitions in a multivariate time series dataset of septic shock and non-sepsis patient cohorts","Patients with septic shock were identified .Among the septic shock patients, we analyzed only adults (18+ years old at admission) with at least a 36-hours stay and at most 144 hours spent in the unit before onset, which generated a cohort of 630 patients. Our non-sepsis cohort comprised 6,236 patients who lacked Sepsis-3 annotation or sepsis-specific ICD-9 codes and who stayed between 36 and 144 hours in the ICU."
64,10.1093/jamia/ocaa004,A customizable deep learning model for nosocomial risk prediction from critical care notes with indirect supervision,"Reliable longitudinal risk prediction for hospitalized patients is needed to provide quality care. Our goal is to develop a generalizable model capable of leveraging clinical notes to predict 3 nosocomial diseases 24–96 hours in advance: hospital acquired acute kidney injury (HAAKI), hospital acquired pressure injury (HAPI), and hospital acquired anemia (HAA).","Included: (1) aged >= 15; (2) For HAAKI, meets KDIGO or Note criteria for AKI; or for HAPI, meets NPUAP or Note criteria for PI; or for HAA meets WHO or Note critieria for anemia; (3) with date-of-event >= 48 hours after hospital admission. Excluded: admissions with fewer than 2 days of notes"
65,10.1177/03000605211016274,Systemic immune-inflammation index as a promising predictor of mortality in patients with acute coronary syndrome: a real-world study,"Prognostic indicators in acute coronary syndrome (ACS) would aid in decision-making and identifying high-risk patients. The systemic immune-inflammation index (SII) has good prognostic value in many diseases; however, its use has not been reported for ACS. We aimed to determine the associations between the SII and outcomes in patients with ACS, with adjustment for confounders.","Definitions of type of ACS were based on International Classification of Diseases Ninth Revision (ICD-9) codes. The inclusion criterion was a diagnosis of ACS. The exclusion criteria were 1) stay in the intensive care unit (ICU) of less than 48 hours; 2) no neutrophil, lymphocyte, or platelet counts within the first 24 hours after admission; and 3) any cancer or malignancy."
66,10.1371/journal.pone.0287046,Severe fluctuation in mean perfusion pressure is associated with increased risk of in-hospital mortality in critically ill patients with central venous pressure monitoring: A retrospective observational study,The mean perfusion pressure (MPP) was recently proposed to personalize tissue perfusion pressure management in critically ill patients. Severe fluctuation in MPP may be associated with adverse outcomes. We sought to determine if higher MPP variability was correlated with increased mortality in critically ill patients with CVP monitoring.,"The inclusion criteria were (1) age 16 years or more; (2) at least 24 hours of continuous MAP and CVP invasive monitoring within the first 72 hours in the first ICU stay and (3) at least 20 MPP readings in the daytime and at least seven in the nighttime. Daytime is defined as 7 am to 11 pm, otherwise as nighttime. Those who received dialysis, died during the first 24 hours, were complicated with chronic kidney disease stage 5, intracranial hypertension, abdominal compartment syndrome and with incomplete data or extreme MPP data were excluded."
67,10.3389/fneur.2023.1221335,Predictive value of admission red cell distribution width-to-platelet ratio for 30-day death in patients with spontaneous intracerebral hemorrhage: an analysis of the MIMIC database,Prognostic assessment plays an important role in the effective management of patients with spontaneous intracerebral hemorrhage (ICH). The study aimed to investigate whether elevated red cell distribution width-to-platelet ratio (RPR) at admission was related to 30-day death in patients with spontaneous intracerebral hemorrhage (ICH).,ICD-9 code [ICD-9 (431)] was utilized to identify patients with ICH. Patients diagnosed with ICH were potentially eligible for inclusion. The excluded criteria were as follows: (1) patients aged <18 years or ≥90 years; (2) patients admitted to the ICU for less than 24 h; (3) patients with missing important variables such as red cell distribution width (RDW) and platelet.
68,10.1186/s12911-020-01326-4,Hyperchloremia in critically ill patients: association with outcomes and prediction using electronic health record data,"Increased chloride in the context of intravenous fluid chloride load and serum chloride levels (hyperchloremia) have previously been associated with increased morbidity and mortality in select subpopulations of intensive care unit (ICU) patients (e.g patients with sepsis). Here, we study the general ICU population of the Medical Information Mart for Intensive Care III (MIMIC-III) database to corroborate these associations, and propose a supervised learning model for the prediction of hyperchloremia in ICU patients.","ICU stays were excluded if the patient was below 18 years of age or in the ICU for a readmission within a hospitalization. Of the remaining ICU stays, we further excluded records as these patients were either already hyperchloremic or did not have chloride data on day 1 (we did not impute serum chloride measurements on day 1)."
69,10.1007/s11255-023-03583-4,Associations of continuous anionic gap detection with the mortality in critically ill patients receiving renal replacement therapy,To investigate the associations of anion gap (AG) levels before and 1-day after hemodialysis as well as anion gap changes with the mortality in critically ill patients receiving renal replacement therapy (RRT).,"Patients ≥ 18 years who received RRT for ≥ 2 days in ICU from the database with measurement of anion gap before and 1-day after RRT were included in our study. Patients aged < 18 years, and those with RRT treatment < 2 days were excluded. "
70,10.1186/s12911-021-01517-7,OASIS+: leveraging machine learning to improve the prognostic accuracy of OASIS severity score for predicting in-hospital mortality,"Severity scores assess the acuity of critical illness by penalizing for the deviation of physiologic measurements from normal and aggregating these penalties (also called ""weights"" or ""subscores"") into a final score (or probability) for quantifying the severity of critical illness (or the likelihood of in-hospital mortality). Although these simple additive models are human readable and interpretable, their predictive performance needs to be further improved.","The following criteria were used to exclude patients from our cohort dataset: (1) age less than 18 years or greater than 90 years; (2) ICU stays with duration less than 24 h. For patients with multiple ICU stays, we included the first ICU stay with LoS greater than or equal to 24 h."
71,10.1186/s12882-023-03090-9,Prognostic value of C-reactive protein to albumin ratio for mortality in acute kidney injury,"Inflammation plays an important role in the development of acute kidney injury (AKI). However, there are few studies exploring the prognostic influence of C-reactive protein to albumin ratio (CAR) among AKI patients. In this study, we investigated whether CAR could be a useful marker to predict the mortality of AKI.","Eligible patients met the following inclusion criteria: age 18 years or older at first admission and the primary diagnosis was AKI. The exclusion criteria were: absence of data on the serum albumin and CRP at the first admission, missing > 5% individual data"
72,10.1055/a-2274-0389,Blood Urea Nitrogen to Serum Albumin Ratio as A New Prognostic Indicator in Critically Ill Patients with Diabetic Ketoacidosis: A Retrospective Cohort Study,To investigate the predictive value of the blood urea nitrogen to serum albumin ratio for in-hospital and out-of-hospital mortality in critically ill patients with diabetic ketoacidosis.,"All patients diagnosed with DKA and admitted to the intensive care unit (ICU) for the first time were included based on the ICD-9 codes (24910, 24911, and 25010– 25013). Patients who met the following criteria were excluded: (1) age < 18 years, (2) repeated ICU admissions, (3) ICU stay for < 48 h, (4) missing > 5 % of individual data, and (5) lack of BAR data."
73,10.21037/jtd-23-1696,Clinical value of the red blood cell distribution width to albumin ratio in the assessment of prognosis in critically ill patients with sepsis: a retrospective analysis,Red blood cell (RBC) distribution width (RDW) to albumin ratio is a novel biomarker and its prognostic effect on critically ill patients with sepsis has not been extensively investigated. The objective of this study was to identify the prognostic value of the RDW to albumin ratio in these patients.,"The selection criteria in our study included adult ICU patients with sepsis at their first hospital admission and a length of ICU stay longer than 24 hours. We identified a sepsis population according to the Martin criteria. Patients were excluded if they had no data on RDW or albumin within the first 24 hours of admission, or if more than 5% of the data were absent."
74,10.3390/bioengineering11030199,"A Comparison of the Impact of Pharmacological Treatments on Cardioversion, Rate Control, and Mortality in Data-Driven Atrial Fibrillation Phenotypes in Critical Care","Critical care physicians are commonly faced with patients exhibiting atrial fibrillation (AF), a cardiac arrhythmia with multifaceted origins. Recent investigations shed light on the heterogeneity among AF patients by uncovering unique AF phenotypes, characterized by differing treatment strategies and clinical outcomes.","We include patients at least 18 years of age with a diagnostic code indicating AF (ICD-9-CM: 427.31). For patients who exhibited more than one ICU admission, only the first admission with an AF diagnosis is considered. Patients with an ICU stay shorter than 24 h or age below 18 years are excluded from the analysis."
